123,567890@163.com
124,567890@164.com
125,567890@165.com
126,567890@166.com
127,567890@167.com
128,567890@168.com
129,567890@169.com
130,567890@170.com
131,567890@171.com
132,567890@172.com
133,567890@173.com
134,567890@174.com
135,567890@175.com
136,567890@176.com
137,567890@177.com
138,567890@178.com
139,567890@179.com
140,567890@180.com
141,567890@181.com
142,567890@182.com
143,567890@183.com
144,567890@184.com
145,567890@185.com
146,567890@186.com
147,567890@187.com
148,567890@188.com
149,567890@189.com
150,567890@190.com
151,567890@191.com
152,567890@192.com
153,567890@193.com
154,567890@194.com
155,567890@195.com
156,567890@196.com
157,567890@197.com
158,567890@198.com
159,567890@199.com
160,567890@200.com
161,567890@201.com
162,567890@202.com
163,567890@203.com
164,567890@204.com
165,567890@205.com
166,567890@206.com
167,567890@207.com
168,567890@208.com
169,567890@209.com
170,567890@210.com
171,567890@211.com
172,567890@212.com
173,567890@213.com
174,567890@214.com
175,567890@215.com
176,567890@216.com
177,567890@217.com
178,567890@218.com
179,567890@219.com
180,567890@220.com
181,567890@221.com
182,567890@222.com
183,567890@223.com
184,567890@224.com
185,567890@225.com
186,567890@226.com
187,567890@227.com
188,567890@228.com
189,567890@229.com
190,567890@230.com
191,567890@231.com
192,567890@232.com
193,567890@233.com
194,567890@234.com
195,567890@235.com
196,567890@236.com
197,567890@237.com
198,567890@238.com
199,567890@239.com
200,567890@240.com
201,567890@241.com
202,567890@242.com
203,567890@243.com
204,567890@244.com
205,567890@245.com
206,567890@246.com
207,567890@247.com
208,567890@248.com
209,567890@249.com
210,567890@250.com
211,567890@251.com
212,567890@252.com
213,567890@253.com
214,567890@254.com
215,567890@255.com
216,567890@256.com
217,567890@257.com
218,567890@258.com
219,567890@259.com
220,567890@260.com
221,567890@261.com
222,567890@262.com
223,567890@263.com
224,567890@264.com
225,567890@265.com
226,567890@266.com
227,567890@267.com
228,567890@268.com
229,567890@269.com
230,567890@270.com
231,567890@271.com
232,567890@272.com
233,567890@273.com
234,567890@274.com
235,567890@275.com
236,567890@276.com
237,567890@277.com
238,567890@278.com
239,567890@279.com
240,567890@280.com
241,567890@281.com
242,567890@282.com
243,567890@283.com
244,567890@284.com
245,567890@285.com
246,567890@286.com
247,567890@287.com
248,567890@288.com
249,567890@289.com
250,567890@290.com
251,567890@291.com
252,567890@292.com
253,567890@293.com
254,567890@294.com
255,567890@295.com
256,567890@296.com
257,567890@297.com
258,567890@298.com
259,567890@299.com
260,567890@300.com
261,567890@301.com
262,567890@302.com
263,567890@303.com
264,567890@304.com
265,567890@305.com
266,567890@306.com
267,567890@307.com
268,567890@308.com
269,567890@309.com
270,567890@310.com
271,567890@311.com
272,567890@312.com
273,567890@313.com
274,567890@314.com
275,567890@315.com
276,567890@316.com
277,567890@317.com
278,567890@318.com
279,567890@319.com
280,567890@320.com
281,567890@321.com
282,567890@322.com
283,567890@323.com
284,567890@324.com
285,567890@325.com
286,567890@326.com
287,567890@327.com
288,567890@328.com
289,567890@329.com
290,567890@330.com
291,567890@331.com
292,567890@332.com
293,567890@333.com
294,567890@334.com
295,567890@335.com
296,567890@336.com
297,567890@337.com
298,567890@338.com
299,567890@339.com
300,567890@340.com
301,567890@341.com
302,567890@342.com
303,567890@343.com
304,567890@344.com
305,567890@345.com
306,567890@346.com
307,567890@347.com
308,567890@348.com
309,567890@349.com
310,567890@350.com
311,567890@351.com
312,567890@352.com
313,567890@353.com
314,567890@354.com
315,567890@355.com
316,567890@356.com
317,567890@357.com
318,567890@358.com
319,567890@359.com
320,567890@360.com
321,567890@361.com
322,567890@362.com
323,567890@363.com
324,567890@364.com
325,567890@365.com
326,567890@366.com
327,567890@367.com
328,567890@368.com
329,567890@369.com
330,567890@370.com
331,567890@371.com
332,567890@372.com
333,567890@373.com
334,567890@374.com
335,567890@375.com
336,567890@376.com
337,567890@377.com
338,567890@378.com
339,567890@379.com
340,567890@380.com
341,567890@381.com
342,567890@382.com
343,567890@383.com
344,567890@384.com
345,567890@385.com
346,567890@386.com
347,567890@387.com
348,567890@388.com
349,567890@389.com
350,567890@390.com
351,567890@391.com
352,567890@392.com
353,567890@393.com
354,567890@394.com
355,567890@395.com
356,567890@396.com
357,567890@397.com
358,567890@398.com
359,567890@399.com
360,567890@400.com
361,567890@401.com
362,567890@402.com
363,567890@403.com
364,567890@404.com
365,567890@405.com
366,567890@406.com
367,567890@407.com
368,567890@408.com
369,567890@409.com
370,567890@410.com
371,567890@411.com
372,567890@412.com
373,567890@413.com
374,567890@414.com
375,567890@415.com
376,567890@416.com
377,567890@417.com
378,567890@418.com
379,567890@419.com
380,567890@420.com
381,567890@421.com
382,567890@422.com
383,567890@423.com
384,567890@424.com
385,567890@425.com
386,567890@426.com
387,567890@427.com
388,567890@428.com
389,567890@429.com
390,567890@430.com
391,567890@431.com
392,567890@432.com
393,567890@433.com
394,567890@434.com
395,567890@435.com
396,567890@436.com
397,567890@437.com
398,567890@438.com
399,567890@439.com
400,567890@440.com
401,567890@441.com
402,567890@442.com
403,567890@443.com
404,567890@444.com
405,567890@445.com
406,567890@446.com
407,567890@447.com
408,567890@448.com
409,567890@449.com
410,567890@450.com
411,567890@451.com
412,567890@452.com
413,567890@453.com
414,567890@454.com
415,567890@455.com
416,567890@456.com
417,567890@457.com
418,567890@458.com
419,567890@459.com
420,567890@460.com
421,567890@461.com
422,567890@462.com
423,567890@463.com
424,567890@464.com
425,567890@465.com
426,567890@466.com
427,567890@467.com
428,567890@468.com
429,567890@469.com
430,567890@470.com
431,567890@471.com
432,567890@472.com
433,567890@473.com
434,567890@474.com
435,567890@475.com
436,567890@476.com
437,567890@477.com
438,567890@478.com
439,567890@479.com
440,567890@480.com
441,567890@481.com
442,567890@482.com
443,567890@483.com
444,567890@484.com
445,567890@485.com
446,567890@486.com
447,567890@487.com
448,567890@488.com
449,567890@489.com
450,567890@490.com
451,567890@491.com
452,567890@492.com
453,567890@493.com
454,567890@494.com
455,567890@495.com
456,567890@496.com
457,567890@497.com
458,567890@498.com
459,567890@499.com
460,567890@500.com
461,567890@501.com
462,567890@502.com
463,567890@503.com
464,567890@504.com
465,567890@505.com
466,567890@506.com
467,567890@507.com
468,567890@508.com
469,567890@509.com
470,567890@510.com
471,567890@511.com
472,567890@512.com
473,567890@513.com
474,567890@514.com
475,567890@515.com
476,567890@516.com
477,567890@517.com
478,567890@518.com
479,567890@519.com
480,567890@520.com
481,567890@521.com
482,567890@522.com
483,567890@523.com
484,567890@524.com
485,567890@525.com
486,567890@526.com
487,567890@527.com
488,567890@528.com
489,567890@529.com
490,567890@530.com
491,567890@531.com
492,567890@532.com
493,567890@533.com
494,567890@534.com
495,567890@535.com
496,567890@536.com
497,567890@537.com
498,567890@538.com
499,567890@539.com
500,567890@540.com
501,567890@541.com
502,567890@542.com
503,567890@543.com
504,567890@544.com
505,567890@545.com
506,567890@546.com
507,567890@547.com
508,567890@548.com
509,567890@549.com
510,567890@550.com
511,567890@551.com
512,567890@552.com
513,567890@553.com
514,567890@554.com
515,567890@555.com
516,567890@556.com
517,567890@557.com
518,567890@558.com
519,567890@559.com
520,567890@560.com
521,567890@561.com
522,567890@562.com
523,567890@563.com
524,567890@564.com
525,567890@565.com
526,567890@566.com
527,567890@567.com
528,567890@568.com
529,567890@569.com
530,567890@570.com
531,567890@571.com
532,567890@572.com
533,567890@573.com
534,567890@574.com
535,567890@575.com
536,567890@576.com
537,567890@577.com
538,567890@578.com
539,567890@579.com
540,567890@580.com
541,567890@581.com
542,567890@582.com
543,567890@583.com
544,567890@584.com
545,567890@585.com
546,567890@586.com
547,567890@587.com
548,567890@588.com
549,567890@589.com
550,567890@590.com
551,567890@591.com
552,567890@592.com
553,567890@593.com
554,567890@594.com
555,567890@595.com
556,567890@596.com
557,567890@597.com
558,567890@598.com
559,567890@599.com
560,567890@600.com
561,567890@601.com
562,567890@602.com
563,567890@603.com
564,567890@604.com
565,567890@605.com
566,567890@606.com
567,567890@607.com
568,567890@608.com
569,567890@609.com
570,567890@610.com
571,567890@611.com
572,567890@612.com
573,567890@613.com
574,567890@614.com
575,567890@615.com
576,567890@616.com
577,567890@617.com
578,567890@618.com
579,567890@619.com
580,567890@620.com
581,567890@621.com
582,567890@622.com
583,567890@623.com
584,567890@624.com
585,567890@625.com
586,567890@626.com
587,567890@627.com
588,567890@628.com
589,567890@629.com
590,567890@630.com
591,567890@631.com
592,567890@632.com
593,567890@633.com
594,567890@634.com
595,567890@635.com
596,567890@636.com
597,567890@637.com
598,567890@638.com
599,567890@639.com
600,567890@640.com
601,567890@641.com
602,567890@642.com
603,567890@643.com
604,567890@644.com
605,567890@645.com
606,567890@646.com
607,567890@647.com
608,567890@648.com
609,567890@649.com
610,567890@650.com
611,567890@651.com
612,567890@652.com
613,567890@653.com
614,567890@654.com
615,567890@655.com
616,567890@656.com
617,567890@657.com
618,567890@658.com
619,567890@659.com
620,567890@660.com
621,567890@661.com
622,567890@662.com
623,567890@663.com
624,567890@664.com
625,567890@665.com
626,567890@666.com
627,567890@667.com
628,567890@668.com
629,567890@669.com
630,567890@670.com
631,567890@671.com
632,567890@672.com
633,567890@673.com
634,567890@674.com
635,567890@675.com
636,567890@676.com
637,567890@677.com
638,567890@678.com
639,567890@679.com
640,567890@680.com
641,567890@681.com
642,567890@682.com
643,567890@683.com
644,567890@684.com
645,567890@685.com
646,567890@686.com
647,567890@687.com
648,567890@688.com
649,567890@689.com
650,567890@690.com
651,567890@691.com
652,567890@692.com
653,567890@693.com
654,567890@694.com
655,567890@695.com
656,567890@696.com
657,567890@697.com
658,567890@698.com
659,567890@699.com
660,567890@700.com
661,567890@701.com
662,567890@702.com
663,567890@703.com
664,567890@704.com
665,567890@705.com
666,567890@706.com
667,567890@707.com
668,567890@708.com
669,567890@709.com
670,567890@710.com
671,567890@711.com
672,567890@712.com
673,567890@713.com
674,567890@714.com
675,567890@715.com
676,567890@716.com
677,567890@717.com
678,567890@718.com
679,567890@719.com
680,567890@720.com
681,567890@721.com
682,567890@722.com
683,567890@723.com
684,567890@724.com
685,567890@725.com
686,567890@726.com
687,567890@727.com
688,567890@728.com
689,567890@729.com
690,567890@730.com
691,567890@731.com
692,567890@732.com
693,567890@733.com
694,567890@734.com
695,567890@735.com
696,567890@736.com
697,567890@737.com
698,567890@738.com
699,567890@739.com
700,567890@740.com
701,567890@741.com
702,567890@742.com
703,567890@743.com
704,567890@744.com
705,567890@745.com
706,567890@746.com
707,567890@747.com
708,567890@748.com
709,567890@749.com
710,567890@750.com
711,567890@751.com
712,567890@752.com
713,567890@753.com
714,567890@754.com
715,567890@755.com
716,567890@756.com
717,567890@757.com
718,567890@758.com
719,567890@759.com
720,567890@760.com
721,567890@761.com
722,567890@762.com
723,567890@763.com
724,567890@764.com
725,567890@765.com
726,567890@766.com
727,567890@767.com
728,567890@768.com
729,567890@769.com
730,567890@770.com
731,567890@771.com
732,567890@772.com
733,567890@773.com
734,567890@774.com
735,567890@775.com
736,567890@776.com
737,567890@777.com
738,567890@778.com
739,567890@779.com
740,567890@780.com
741,567890@781.com
742,567890@782.com
743,567890@783.com
744,567890@784.com
745,567890@785.com
746,567890@786.com
747,567890@787.com
748,567890@788.com
749,567890@789.com
750,567890@790.com
751,567890@791.com
752,567890@792.com
753,567890@793.com
754,567890@794.com
755,567890@795.com
756,567890@796.com
757,567890@797.com
758,567890@798.com
759,567890@799.com
760,567890@800.com
761,567890@801.com
762,567890@802.com
763,567890@803.com
764,567890@804.com
765,567890@805.com
766,567890@806.com
767,567890@807.com
768,567890@808.com
769,567890@809.com
770,567890@810.com
771,567890@811.com
772,567890@812.com
773,567890@813.com
774,567890@814.com
775,567890@815.com
776,567890@816.com
777,567890@817.com
778,567890@818.com
779,567890@819.com
780,567890@820.com
781,567890@821.com
782,567890@822.com
783,567890@823.com
784,567890@824.com
785,567890@825.com
786,567890@826.com
787,567890@827.com
788,567890@828.com
789,567890@829.com
790,567890@830.com
791,567890@831.com
792,567890@832.com
793,567890@833.com
794,567890@834.com
795,567890@835.com
796,567890@836.com
797,567890@837.com
798,567890@838.com
799,567890@839.com
800,567890@840.com
801,567890@841.com
802,567890@842.com
803,567890@843.com
804,567890@844.com
805,567890@845.com
806,567890@846.com
807,567890@847.com
808,567890@848.com
809,567890@849.com
810,567890@850.com
811,567890@851.com
812,567890@852.com
813,567890@853.com
814,567890@854.com
815,567890@855.com
816,567890@856.com
817,567890@857.com
818,567890@858.com
819,567890@859.com
820,567890@860.com
821,567890@861.com
822,567890@862.com
823,567890@863.com
824,567890@864.com
825,567890@865.com
826,567890@866.com
827,567890@867.com
828,567890@868.com
829,567890@869.com
830,567890@870.com
831,567890@871.com
832,567890@872.com
833,567890@873.com
834,567890@874.com
835,567890@875.com
836,567890@876.com
837,567890@877.com
838,567890@878.com
839,567890@879.com
840,567890@880.com
841,567890@881.com
842,567890@882.com
843,567890@883.com
844,567890@884.com
845,567890@885.com
846,567890@886.com
847,567890@887.com
848,567890@888.com
849,567890@889.com
850,567890@890.com
851,567890@891.com
852,567890@892.com
853,567890@893.com
854,567890@894.com
855,567890@895.com
856,567890@896.com
857,567890@897.com
858,567890@898.com
859,567890@899.com
860,567890@900.com
861,567890@901.com
862,567890@902.com
863,567890@903.com
864,567890@904.com
865,567890@905.com
866,567890@906.com
867,567890@907.com
868,567890@908.com
869,567890@909.com
870,567890@910.com
871,567890@911.com
872,567890@912.com
873,567890@913.com
874,567890@914.com
875,567890@915.com
876,567890@916.com
877,567890@917.com
878,567890@918.com
879,567890@919.com
880,567890@920.com
881,567890@921.com
882,567890@922.com
883,567890@923.com
884,567890@924.com
885,567890@925.com
886,567890@926.com
887,567890@927.com
888,567890@928.com
889,567890@929.com
890,567890@930.com
891,567890@931.com
892,567890@932.com
893,567890@933.com
894,567890@934.com
895,567890@935.com
896,567890@936.com
897,567890@937.com
898,567890@938.com
899,567890@939.com
900,567890@940.com
901,567890@941.com
902,567890@942.com
903,567890@943.com
904,567890@944.com
905,567890@945.com
906,567890@946.com
907,567890@947.com
908,567890@948.com
909,567890@949.com
910,567890@950.com
911,567890@951.com
912,567890@952.com
913,567890@953.com
914,567890@954.com
915,567890@955.com
916,567890@956.com
917,567890@957.com
918,567890@958.com
919,567890@959.com
920,567890@960.com
921,567890@961.com
922,567890@962.com
923,567890@963.com
924,567890@964.com
925,567890@965.com
926,567890@966.com
927,567890@967.com
928,567890@968.com
929,567890@969.com
930,567890@970.com
931,567890@971.com
932,567890@972.com
933,567890@973.com
934,567890@974.com
935,567890@975.com
936,567890@976.com
937,567890@977.com
938,567890@978.com
939,567890@979.com
940,567890@980.com
941,567890@981.com
942,567890@982.com
943,567890@983.com
944,567890@984.com
945,567890@985.com
946,567890@986.com
947,567890@987.com
948,567890@988.com
949,567890@989.com
950,567890@990.com
951,567890@991.com
952,567890@992.com
953,567890@993.com
954,567890@994.com
955,567890@995.com
956,567890@996.com
957,567890@997.com
958,567890@998.com
959,567890@999.com
960,567890@1000.com
961,567890@1001.com
962,567890@1002.com
963,567890@1003.com
964,567890@1004.com
965,567890@1005.com
966,567890@1006.com
967,567890@1007.com
968,567890@1008.com
969,567890@1009.com
970,567890@1010.com
971,567890@1011.com
972,567890@1012.com
973,567890@1013.com
974,567890@1014.com
975,567890@1015.com
976,567890@1016.com
977,567890@1017.com
978,567890@1018.com
979,567890@1019.com
980,567890@1020.com
981,567890@1021.com
982,567890@1022.com
983,567890@1023.com
984,567890@1024.com
985,567890@1025.com
986,567890@1026.com
987,567890@1027.com
988,567890@1028.com
989,567890@1029.com
990,567890@1030.com
991,567890@1031.com
992,567890@1032.com
993,567890@1033.com
994,567890@1034.com
995,567890@1035.com
996,567890@1036.com
997,567890@1037.com
998,567890@1038.com
999,567890@1039.com
1000,567890@1040.com
1001,567890@1041.com
1002,567890@1042.com
1003,567890@1043.com
1004,567890@1044.com
1005,567890@1045.com
1006,567890@1046.com
1007,567890@1047.com
1008,567890@1048.com
1009,567890@1049.com
1010,567890@1050.com
1011,567890@1051.com
1012,567890@1052.com
1013,567890@1053.com
1014,567890@1054.com
1015,567890@1055.com
1016,567890@1056.com
1017,567890@1057.com
1018,567890@1058.com
1019,567890@1059.com
1020,567890@1060.com
1021,567890@1061.com
1022,567890@1062.com
1023,567890@1063.com
1024,567890@1064.com
1025,567890@1065.com
1026,567890@1066.com
1027,567890@1067.com
1028,567890@1068.com
1029,567890@1069.com
1030,567890@1070.com
1031,567890@1071.com
1032,567890@1072.com
1033,567890@1073.com
1034,567890@1074.com
1035,567890@1075.com
1036,567890@1076.com
1037,567890@1077.com
1038,567890@1078.com
1039,567890@1079.com
1040,567890@1080.com
1041,567890@1081.com
1042,567890@1082.com
1043,567890@1083.com
1044,567890@1084.com
1045,567890@1085.com
1046,567890@1086.com
1047,567890@1087.com
1048,567890@1088.com
1049,567890@1089.com
1050,567890@1090.com
1051,567890@1091.com
1052,567890@1092.com
1053,567890@1093.com
1054,567890@1094.com
1055,567890@1095.com
1056,567890@1096.com
1057,567890@1097.com
1058,567890@1098.com
1059,567890@1099.com
1060,567890@1100.com
1061,567890@1101.com
1062,567890@1102.com
1063,567890@1103.com
1064,567890@1104.com
1065,567890@1105.com
1066,567890@1106.com
1067,567890@1107.com
1068,567890@1108.com
1069,567890@1109.com
1070,567890@1110.com
1071,567890@1111.com
1072,567890@1112.com
1073,567890@1113.com
1074,567890@1114.com
1075,567890@1115.com
1076,567890@1116.com
1077,567890@1117.com
1078,567890@1118.com
1079,567890@1119.com
1080,567890@1120.com
1081,567890@1121.com
1082,567890@1122.com
1083,567890@1123.com
1084,567890@1124.com
1085,567890@1125.com
1086,567890@1126.com
1087,567890@1127.com
1088,567890@1128.com
1089,567890@1129.com
1090,567890@1130.com
1091,567890@1131.com
1092,567890@1132.com
1093,567890@1133.com
1094,567890@1134.com
1095,567890@1135.com
1096,567890@1136.com
1097,567890@1137.com
1098,567890@1138.com
1099,567890@1139.com
1100,567890@1140.com
1101,567890@1141.com
1102,567890@1142.com
1103,567890@1143.com
1104,567890@1144.com
1105,567890@1145.com
1106,567890@1146.com
1107,567890@1147.com
1108,567890@1148.com
1109,567890@1149.com
1110,567890@1150.com
1111,567890@1151.com
1112,567890@1152.com
